season,position,,team,played,won,drawn,lost,goals,goal difference,points
1992-1993,18,,Manchester United,1,0,0,1,1:2,-1,0
1992-1993,22,,Manchester United,2,0,0,2,1:5,-4,0
1992-1993,21,,Manchester United,3,0,1,2,2:6,-4,1
1992-1993,17,,Manchester United,4,1,1,2,3:6,-3,4
1992-1993,9,,Manchester United,5,2,1,2,5:6,-1,7
1992-1993,7,,Manchester United,6,3,1,2,6:6,0,10
1992-1993,4,,Manchester United,7,4,1,2,8:6,2,13
1992-1993,4,,Manchester United,8,5,1,2,10:6,4,16
1992-1993,4,,Manchester United,9,5,2,2,11:7,4,17
1992-1993,4,,Manchester United,10,5,3,2,11:7,4,18
1992-1993,6,,Manchester United,11,5,4,2,12:8,4,19
1992-1993,6,,Manchester United,12,5,5,2,14:10,4,20
1992-1993,7,,Manchester United,13,5,6,2,14:10,4,21
1992-1993,7,,Manchester United,14,5,6,3,14:11,3,21
1992-1993,10,,Manchester United,15,5,6,4,14:12,2,21
1992-1993,8,,Manchester United,16,6,6,4,17:12,5,24
1992-1993,6,,Manchester United,17,7,6,4,18:12,6,27
1992-1993,5,,Manchester United,18,8,6,4,20:13,7,30
1992-1993,3,,Manchester United,19,9,6,4,21:13,8,33
1992-1993,4,,Manchester United,20,9,7,4,22:14,8,34
1992-1993,3,,Manchester United,21,9,8,4,25:17,8,35
1992-1993,2,,Manchester United,22,10,8,4,30:17,13,38
1992-1993,1,,Manchester United,23,11,8,4,34:18,16,41
1992-1993,1,,Manchester United,24,12,8,4,37:19,18,44
1992-1993,1,,Manchester United,25,13,8,4,39:19,20,47
1992-1993,2,,Manchester United,26,13,8,5,40:21,19,47
1992-1993,1,,Manchester United,27,14,8,5,42:22,20,50
1992-1993,1,,Manchester United,28,14,9,5,42:22,20,51
1992-1993,1,,Manchester United,29,15,9,5,44:22,22,54
1992-1993,1,,Manchester United,30,16,9,5,46:23,23,57
1992-1993,1,,Manchester United,31,17,9,5,49:23,26,60
1992-1993,1,,Manchester United,32,17,9,6,49:24,25,60
1992-1993,1,,Manchester United,33,18,9,6,51:25,26,63
1992-1993,1,,Manchester United,34,18,10,6,52:26,26,64
1992-1993,1,,Manchester United,35,18,11,6,53:27,26,65
1992-1993,1,,Manchester United,36,18,12,6,53:27,26,66
1992-1993,1,,Manchester United,37,19,12,6,56:28,28,69
1992-1993,1,,Manchester United,38,20,12,6,58:29,29,72
1992-1993,1,,Manchester United,39,21,12,6,59:29,30,75
1992-1993,1,,Manchester United,40,22,12,6,62:29,33,78
1992-1993,1,,Manchester United,41,23,12,6,65:30,35,81
1992-1993,1,,Manchester United,42,24,12,6,67:31,36,84
1993-1994,,,Manchester United,1,1,0,0,2:0,2,3
1993-1994,1,,Manchester United,2,2,0,0,5:0,5,6
1993-1994,4,,Manchester United,3,2,1,0,6:1,5,7
1993-1994,1,,Manchester United,4,3,1,0,8:2,6,10
1993-1994,1,,Manchester United,5,4,1,0,11:3,8,13
1993-1994,1,,Manchester United,6,5,1,0,14:3,11,16
1993-1994,1,,Manchester United,7,5,1,1,14:4,10,16
1993-1994,1,,Manchester United,8,6,1,1,15:4,11,19
1993-1994,1,,Manchester United,9,7,1,1,19:6,13,22
1993-1994,1,,Manchester United,10,8,1,1,22:8,14,25
1993-1994,1,,Manchester United,11,9,1,1,24:9,15,28
1993-1994,1,,Manchester United,12,10,1,1,25:9,16,31
1993-1994,1,,Manchester United,13,11,1,1,27:10,17,34
1993-1994,1,,Manchester United,14,12,1,1,30:12,18,37
1993-1994,1,,Manchester United,15,13,1,1,33:13,20,40
1993-1994,1,,Manchester United,16,13,2,1,33:13,20,41
1993-1994,1,,Manchester United,17,14,2,1,34:13,21,44
1993-1994,1,,Manchester United,18,14,3,1,36:15,21,45
1993-1994,1,,Manchester United,19,15,3,1,39:15,24,48
1993-1994,1,,Manchester United,20,15,4,1,40:16,24,49
1993-1994,1,,Manchester United,21,16,4,1,43:17,26,52
1993-1994,1,,Manchester United,22,16,5,1,44:18,26,53
1993-1994,1,,Manchester United,23,17,5,1,49:20,29,56
1993-1994,1,,Manchester United,24,17,6,1,49:20,29,57
1993-1994,1,,Manchester United,25,17,7,1,52:23,29,58
1993-1994,1,,Manchester United,26,18,7,1,53:23,30,61
1993-1994,1,,Manchester United,27,19,7,1,54:23,31,64
1993-1994,1,,Manchester United,28,20,7,1,55:23,32,67
1993-1994,1,,Manchester United,29,21,7,1,58:25,33,70
1993-1994,1,,Manchester United,30,22,7,1,60:25,35,73
1993-1994,1,,Manchester United,31,22,8,1,62:27,35,74
1993-1994,1,,Manchester United,32,22,8,2,62:28,34,74
1993-1994,1,,Manchester United,33,22,9,2,64:30,34,75
1993-1994,1,,Manchester United,34,22,10,2,66:32,34,76
1993-1994,1,,Manchester United,35,23,10,2,71:32,39,79
1993-1994,1,,Manchester United,36,23,10,3,71:34,37,79
1993-1994,1,,Manchester United,37,24,10,3,74:36,38,82
1993-1994,1,,Manchester United,38,25,10,3,76:36,40,85
1993-1994,1,,Manchester United,39,25,10,4,76:37,39,85
1993-1994,1,,Manchester United,40,26,10,4,78:37,41,88
1993-1994,1,,Manchester United,41,27,10,4,80:38,42,91
1993-1994,1,,Manchester United,42,27,11,4,80:38,42,92
1994-1995,,,Manchester United,1,1,0,0,2:0,2,3
1994-1995,5,,Manchester United,2,1,1,0,3:1,2,4
1994-1995,4,,Manchester United,3,2,1,0,4:1,3,7
1994-1995,3,,Manchester United,4,3,1,0,7:1,6,10
1994-1995,5,,Manchester United,5,3,1,1,8:3,5,10
1994-1995,5,,Manchester United,6,4,1,1,10:3,7,13
1994-1995,5,,Manchester United,7,4,1,2,12:6,6,13
1994-1995,5,,Manchester United,8,5,1,2,14:6,8,16
1994-1995,5,,Manchester United,9,5,1,3,14:7,7,16
1994-1995,5,,Manchester United,10,6,1,3,15:7,8,19
1994-1995,4,,Manchester United,11,7,1,3,19:9,10,22
1994-1995,4,,Manchester United,12,8,1,3,21:9,12,25
1994-1995,2,,Manchester United,13,9,1,3,26:9,17,28
1994-1995,2,,Manchester United,14,10,1,3,28:10,18,31
1994-1995,1,,Manchester United,15,11,1,3,31:10,21,34
1994-1995,2,,Manchester United,16,11,2,3,31:10,21,35
1994-1995,2,,Manchester United,17,12,2,3,32:10,22,38
1994-1995,2,,Manchester United,18,13,2,3,35:12,23,41
1994-1995,2,,Manchester United,19,13,2,4,36:14,22,41
1994-1995,2,,Manchester United,20,14,2,4,39:16,23,44
1994-1995,2,,Manchester United,21,14,3,4,40:17,23,45
1994-1995,2,,Manchester United,22,14,4,4,42:19,23,46
1994-1995,2,,Manchester United,23,15,4,4,44:19,25,49
1994-1995,2,,Manchester United,24,15,5,4,45:20,25,50
1994-1995,2,,Manchester United,25,16,5,4,46:20,26,53
1994-1995,2,,Manchester United,26,16,6,4,47:21,26,54
1994-1995,2,,Manchester United,27,17,6,4,48:21,27,57
1994-1995,2,,Manchester United,28,18,6,4,51:21,30,60
1994-1995,2,,Manchester United,29,19,6,4,54:21,33,63
1994-1995,2,,Manchester United,30,20,6,4,56:21,35,66
1994-1995,2,,Manchester United,31,20,6,5,56:22,34,66
1994-1995,2,,Manchester United,32,21,6,5,65:22,43,69
1994-1995,2,,Manchester United,33,22,6,5,66:22,44,72
1994-1995,2,,Manchester United,34,22,7,5,66:22,44,73
1994-1995,2,,Manchester United,35,22,7,6,66:24,42,73
1994-1995,2,,Manchester United,36,22,8,6,66:24,42,74
1994-1995,2,,Manchester United,37,23,8,6,68:25,43,77
1994-1995,2,,Manchester United,38,24,8,6,72:25,47,80
1994-1995,2,,Manchester United,39,24,9,6,72:25,47,81
1994-1995,2,,Manchester United,40,25,9,6,75:27,48,84
1994-1995,2,,Manchester United,41,26,9,6,76:27,49,87
1994-1995,2,,Manchester United,42,26,10,6,77:28,49,88
1995-1996,19,,Manchester United,1,0,0,1,1:3,-2,0
1995-1996,10,,Manchester United,2,1,0,1,3:4,-1,3
1995-1996,5,,Manchester United,3,2,0,1,6:5,1,6
1995-1996,4,,Manchester United,4,3,0,1,8:6,2,9
1995-1996,2,,Manchester United,5,4,0,1,11:8,3,12
1995-1996,2,,Manchester United,6,5,0,1,14:8,6,15
1995-1996,2,,Manchester United,7,5,1,1,14:8,6,16
1995-1996,3,,Manchester United,8,5,2,1,16:10,6,17
1995-1996,2,,Manchester United,9,6,2,1,17:10,7,20
1995-1996,2,,Manchester United,10,7,2,1,21:11,10,23
1995-1996,2,,Manchester United,11,8,2,1,23:11,12,26
1995-1996,2,,Manchester United,12,8,2,2,23:12,11,26
1995-1996,2,,Manchester United,13,9,2,2,27:13,14,29
1995-1996,2,,Manchester United,14,10,2,2,31:13,18,32
1995-1996,2,,Manchester United,15,10,3,2,32:14,18,33
1995-1996,2,,Manchester United,16,10,4,2,33:15,18,34
1995-1996,2,,Manchester United,17,10,5,2,35:17,18,35
1995-1996,2,,Manchester United,18,10,5,3,35:19,16,35
1995-1996,2,,Manchester United,19,10,5,4,36:22,14,35
1995-1996,2,,Manchester United,20,11,5,4,38:22,16,38
1995-1996,2,,Manchester United,21,12,5,4,40:23,17,41
1995-1996,3,,Manchester United,22,12,5,5,41:27,14,41
1995-1996,3,,Manchester United,23,12,6,5,41:27,14,42
1995-1996,3,,Manchester United,24,13,6,5,42:27,15,45
1995-1996,2,,Manchester United,25,14,6,5,46:29,17,48
1995-1996,2,,Manchester United,26,15,6,5,47:29,18,51
1995-1996,2,,Manchester United,27,16,6,5,49:29,20,54
1995-1996,2,,Manchester United,28,17,6,5,55:29,26,57
1995-1996,2,,Manchester United,29,18,6,5,56:29,27,60
1995-1996,2,,Manchester United,30,19,6,5,57:29,28,63
1995-1996,2,,Manchester United,31,19,7,5,58:30,28,64
1995-1996,2,,Manchester United,32,20,7,5,59:30,29,67
1995-1996,1,,Manchester United,33,21,7,5,60:30,30,70
1995-1996,1,,Manchester United,34,22,7,5,63:32,31,73
1995-1996,1,,Manchester United,35,23,7,5,64:32,32,76
1995-1996,1,,Manchester United,36,23,7,6,65:35,30,76
1995-1996,1,,Manchester United,37,24,7,6,70:35,35,79
1995-1996,1,,Manchester United,38,25,7,6,73:35,38,82
1996-1997,1,,Manchester United,1,1,0,0,3:0,3,3
1996-1997,2,,Manchester United,2,1,1,0,5:2,3,4
1996-1997,5,,Manchester United,3,1,2,0,7:4,3,5
1996-1997,7,,Manchester United,4,1,3,0,8:5,3,6
1996-1997,5,,Manchester United,5,2,3,0,12:5,7,9
1996-1997,2,,Manchester United,6,3,3,0,16:6,10,12
1996-1997,4,,Manchester United,7,3,4,0,16:6,10,13
1996-1997,4,,Manchester United,8,4,4,0,18:6,12,16
1996-1997,4,,Manchester United,9,5,4,0,19:6,13,19
1996-1997,5,,Manchester United,10,5,4,1,19:11,8,19
1996-1997,5,,Manchester United,11,5,4,2,22:17,5,19
1996-1997,6,,Manchester United,12,5,4,3,23:19,4,19
1996-1997,6,,Manchester United,13,6,4,3,24:19,5,22
1996-1997,7,,Manchester United,14,6,5,3,26:21,5,23
1996-1997,5,,Manchester United,15,7,5,3,29:22,7,26
1996-1997,5,,Manchester United,16,7,6,3,31:24,7,27
1996-1997,6,,Manchester United,17,7,7,3,32:25,7,28
1996-1997,5,,Manchester United,18,8,7,3,37:25,12,31
1996-1997,4,,Manchester United,19,9,7,3,41:25,16,34
1996-1997,3,,Manchester United,20,10,7,3,43:26,17,37
1996-1997,2,,Manchester United,21,11,7,3,44:26,18,40
1996-1997,3,,Manchester United,22,11,8,3,44:26,18,41
1996-1997,1,,Manchester United,23,12,8,3,46:27,19,44
1996-1997,1,,Manchester United,24,13,8,3,48:27,21,47
1996-1997,1,,Manchester United,25,14,8,3,50:28,22,50
1996-1997,1,,Manchester United,26,14,9,3,53:31,22,51
1996-1997,1,,Manchester United,27,14,10,3,54:32,22,52
1996-1997,1,,Manchester United,28,15,10,3,57:33,24,55
1996-1997,1,,Manchester United,29,16,10,3,59:33,26,58
1996-1997,1,,Manchester United,30,17,10,3,61:33,28,61
1996-1997,1,,Manchester United,31,17,10,4,63:36,27,61
1996-1997,1,,Manchester United,32,18,10,4,65:37,28,64
1996-1997,1,,Manchester United,33,19,10,4,68:39,29,67
1996-1997,1,,Manchester United,34,20,10,4,71:40,31,70
1996-1997,1,,Manchester United,35,20,11,4,71:40,31,71
1996-1997,1,,Manchester United,36,20,12,4,73:42,31,72
1996-1997,1,,Manchester United,37,20,12,5,74:44,30,72
1996-1997,1,,Manchester United,38,21,12,5,76:44,32,75
1997-1998,1,,Manchester United,1,1,0,0,2:0,2,3
1997-1998,2,,Manchester United,2,2,0,0,3:0,3,6
1997-1998,3,,Manchester United,3,2,1,0,3:0,3,7
1997-1998,2,,Manchester United,4,3,1,0,5:0,5,10
1997-1998,2,,Manchester United,5,4,1,0,8:0,8,13
1997-1998,1,,Manchester United,6,5,1,0,10:1,9,16
1997-1998,1,,Manchester United,7,5,2,0,10:1,9,17
1997-1998,2,,Manchester United,8,5,3,0,12:3,9,18
1997-1998,3,,Manchester United,9,5,3,1,12:4,8,18
1997-1998,2,,Manchester United,10,6,3,1,14:4,10,21
1997-1998,4,,Manchester United,11,6,4,1,16:6,10,22
1997-1998,1,,Manchester United,12,7,4,1,23:6,17,25
1997-1998,1,,Manchester United,13,8,4,1,29:7,22,28
1997-1998,1,,Manchester United,14,8,4,2,31:10,21,28
1997-1998,1,,Manchester United,15,9,4,2,36:12,24,31
1997-1998,1,,Manchester United,16,10,4,2,40:12,28,34
1997-1998,1,,Manchester United,17,11,4,2,43:13,30,37
1997-1998,1,,Manchester United,18,12,4,2,44:13,31,40
1997-1998,1,,Manchester United,19,13,4,2,45:13,32,43
1997-1998,1,,Manchester United,20,14,4,2,47:13,34,46
1997-1998,1,,Manchester United,21,14,4,3,49:16,33,46
1997-1998,1,,Manchester United,22,15,4,3,51:16,35,49
1997-1998,1,,Manchester United,23,15,4,4,51:17,34,49
1997-1998,1,,Manchester United,24,15,4,5,51:18,33,49
1997-1998,1,,Manchester United,25,15,5,5,52:19,33,50
1997-1998,1,,Manchester United,26,15,6,5,53:20,33,51
1997-1998,1,,Manchester United,27,16,6,5,55:20,35,54
1997-1998,1,,Manchester United,28,17,6,5,56:20,36,57
1997-1998,1,,Manchester United,29,17,6,6,56:22,34,57
1997-1998,2,,Manchester United,30,17,6,7,56:23,33,57
1997-1998,2,,Manchester United,31,18,6,7,58:23,35,60
1997-1998,1,,Manchester United,32,19,6,7,61:24,37,63
1997-1998,2,,Manchester United,33,19,7,7,62:25,37,64
1997-1998,2,,Manchester United,34,20,7,7,64:25,39,67
1997-1998,2,,Manchester United,35,20,8,7,65:26,39,68
1997-1998,2,,Manchester United,36,21,8,7,68:26,42,71
1997-1998,2,,Manchester United,37,22,8,7,71:26,45,74
1997-1998,2,,Manchester United,38,23,8,7,73:26,47,77
1998-1999,,,Manchester United,1,0,1,0,2:2,0,1
1998-1999,12,,Manchester United,2,0,2,0,2:2,0,2
1998-1999,13,,Manchester United,3,0,3,0,3:3,0,3
1998-1999,5,,Manchester United,4,1,3,0,7:4,3,6
1998-1999,3,,Manchester United,5,2,3,0,9:4,5,9
1998-1999,7,,Manchester United,6,2,3,1,9:7,2,9
1998-1999,2,,Manchester United,7,3,3,1,11:7,4,12
1998-1999,2,,Manchester United,8,4,3,1,14:7,7,15
1998-1999,2,,Manchester United,9,5,3,1,19:8,11,18
1998-1999,2,,Manchester United,10,5,4,1,20:9,11,19
1998-1999,1,,Manchester United,11,6,4,1,24:10,14,22
1998-1999,2,,Manchester United,12,6,5,1,24:10,14,23
1998-1999,2,,Manchester United,13,7,5,1,27:12,15,26
1998-1999,3,,Manchester United,14,7,5,2,28:15,13,26
1998-1999,1,,Manchester United,15,8,5,2,31:17,14,29
1998-1999,1,,Manchester United,16,8,6,2,32:18,14,30
1998-1999,2,,Manchester United,17,8,7,2,34:20,14,31
1998-1999,3,,Manchester United,18,8,7,3,36:23,13,31
1998-1999,3,,Manchester United,19,9,7,3,39:23,16,34
1998-1999,3,,Manchester United,20,9,8,3,39:23,16,35
1998-1999,3,,Manchester United,21,10,8,3,43:24,19,38
1998-1999,3,,Manchester United,22,11,8,3,49:26,23,41
1998-1999,1,,Manchester United,23,12,8,3,50:26,24,44
1998-1999,1,,Manchester United,24,13,8,3,58:27,31,47
1998-1999,1,,Manchester United,25,13,9,3,59:28,31,48
1998-1999,1,,Manchester United,26,14,9,3,60:28,32,51
1998-1999,1,,Manchester United,27,15,9,3,62:29,33,54
1998-1999,1,,Manchester United,28,15,10,3,64:31,33,55
1998-1999,1,,Manchester United,29,16,10,3,66:32,34,58
1998-1999,1,,Manchester United,30,17,10,3,69:33,36,61
1998-1999,1,,Manchester United,31,17,11,3,70:34,36,62
1998-1999,1,,Manchester United,32,18,11,3,71:34,37,65
1998-1999,1,,Manchester United,33,18,12,3,71:34,37,66
1998-1999,1,,Manchester United,34,19,12,3,74:34,40,69
1998-1999,2,,Manchester United,35,19,13,3,75:35,40,70
1998-1999,2,,Manchester United,36,20,13,3,77:36,41,73
1998-1999,1,,Manchester United,37,21,13,3,78:36,42,76
1998-1999,1,,Manchester United,38,22,13,3,80:37,43,79
1999-2000,,,Manchester United,1,0,1,0,1:1,0,1
1999-2000,,,Manchester United,2,1,1,0,5:1,4,4
1999-2000,1,,Manchester United,3,2,1,0,7:1,6,7
1999-2000,1,,Manchester United,4,3,1,0,9:2,7,10
1999-2000,1,,Manchester United,5,4,1,0,11:3,8,13
1999-2000,1,,Manchester United,6,5,1,0,16:4,12,16
1999-2000,1,,Manchester United,7,6,1,0,19:6,13,19
1999-2000,1,,Manchester United,8,6,2,0,20:7,13,20
1999-2000,1,,Manchester United,9,6,3,0,23:10,13,21
1999-2000,3,,Manchester United,10,6,3,1,23:15,8,21
1999-2000,2,,Manchester United,11,7,3,1,27:16,11,24
1999-2000,4,,Manchester United,12,7,3,2,28:19,9,24
1999-2000,2,,Manchester United,13,8,3,2,31:19,12,27
1999-2000,1,,Manchester United,14,9,3,2,33:19,14,30
1999-2000,1,,Manchester United,15,10,3,2,35:20,15,33
1999-2000,1,,Manchester United,16,11,3,2,36:20,16,36
1999-2000,1,,Manchester United,17,12,3,2,41:21,20,39
1999-2000,1,,Manchester United,18,13,3,2,45:23,22,42
1999-2000,1,,Manchester United,19,14,3,2,49:23,26,45
1999-2000,1,,Manchester United,20,14,4,2,51:25,26,46
1999-2000,1,,Manchester United,21,15,4,2,52:25,27,49
1999-2000,1,,Manchester United,22,16,4,2,53:25,28,52
1999-2000,1,,Manchester United,23,16,5,2,54:26,28,53
1999-2000,1,,Manchester United,24,17,5,2,57:28,29,56
1999-2000,1,,Manchester United,25,17,5,3,57:31,26,56
1999-2000,1,,Manchester United,26,17,6,3,59:33,26,57
1999-2000,1,,Manchester United,27,17,7,3,60:34,26,58
1999-2000,1,,Manchester United,28,18,7,3,63:35,28,61
1999-2000,1,,Manchester United,29,19,7,3,65:35,30,64
1999-2000,1,,Manchester United,30,20,7,3,69:35,34,67
1999-2000,1,,Manchester United,31,21,7,3,76:36,40,70
1999-2000,1,,Manchester United,32,22,7,3,80:39,41,73
1999-2000,1,,Manchester United,33,23,7,3,84:39,45,76
1999-2000,1,,Manchester United,34,24,7,3,87:40,47,79
1999-2000,1,,Manchester United,35,25,7,3,90:42,48,82
1999-2000,1,,Manchester United,36,26,7,3,93:44,49,85
1999-2000,1,,Manchester United,37,27,7,3,96:45,51,88
1999-2000,1,,Manchester United,38,28,7,3,97:45,52,91
2000-2001,,,Manchester United,1,1,0,0,2:0,2,3
2000-2001,4,,Manchester United,2,1,1,0,3:1,2,4
2000-2001,5,,Manchester United,3,1,2,0,5:3,2,5
2000-2001,3,,Manchester United,4,2,2,0,11:3,8,8
2000-2001,1,,Manchester United,5,3,2,0,14:3,11,11
2000-2001,1,,Manchester United,6,4,2,0,17:4,13,14
2000-2001,1,,Manchester United,7,4,3,0,20:7,13,15
2000-2001,2,,Manchester United,8,4,3,1,20:8,12,15
2000-2001,1,,Manchester United,9,5,3,1,23:8,15,18
2000-2001,1,,Manchester United,10,6,3,1,26:8,18,21
2000-2001,1,,Manchester United,11,7,3,1,31:8,23,24
2000-2001,1,,Manchester United,12,8,3,1,33:9,24,27
2000-2001,1,,Manchester United,13,9,3,1,35:10,25,30
2000-2001,1,,Manchester United,14,10,3,1,36:10,26,33
2000-2001,1,,Manchester United,15,11,3,1,39:10,29,36
2000-2001,1,,Manchester United,16,12,3,1,41:10,31,39
2000-2001,1,,Manchester United,17,12,4,1,44:13,31,40
2000-2001,1,,Manchester United,18,12,4,2,44:14,30,40
2000-2001,1,,Manchester United,19,13,4,2,46:14,32,43
2000-2001,1,,Manchester United,20,14,4,2,47:14,33,46
2000-2001,1,,Manchester United,21,14,5,2,48:15,33,47
2000-2001,1,,Manchester United,22,15,5,2,51:16,35,50
2000-2001,1,,Manchester United,23,16,5,2,54:16,38,53
2000-2001,1,,Manchester United,24,17,5,2,56:16,40,56
2000-2001,1,,Manchester United,25,18,5,2,57:16,41,59
2000-2001,1,,Manchester United,26,19,5,2,58:16,42,62
2000-2001,1,,Manchester United,27,19,6,2,59:17,42,63
2000-2001,1,,Manchester United,28,20,6,2,65:18,47,66
2000-2001,1,,Manchester United,29,20,7,2,66:19,47,67
2000-2001,1,,Manchester United,30,21,7,2,68:19,49,70
2000-2001,1,,Manchester United,31,21,7,3,68:21,47,70
2000-2001,1,,Manchester United,32,22,7,3,70:22,48,73
2000-2001,1,,Manchester United,33,23,7,3,74:24,50,76
2000-2001,1,,Manchester United,34,23,7,4,75:26,49,76
2000-2001,1,,Manchester United,35,23,8,4,76:27,49,77
2000-2001,1,,Manchester United,36,24,8,4,78:27,51,80
2000-2001,1,,Manchester United,37,24,8,5,78:28,50,80
2000-2001,1,,Manchester United,38,24,8,6,79:31,48,80
2001-2002,4,,Manchester United,1,1,0,0,3:2,1,3
2001-2002,3,,Manchester United,2,1,1,0,5:4,1,4
2001-2002,5,,Manchester United,3,1,2,0,6:5,1,5
2001-2002,2,,Manchester United,4,2,2,0,10:6,4,8
2001-2002,6,,Manchester United,5,2,2,1,13:10,3,8
2001-2002,3,,Manchester United,6,3,2,1,18:10,8,11
2001-2002,2,,Manchester United,7,4,2,1,22:10,12,14
2001-2002,2,,Manchester United,8,5,2,1,27:13,14,17
2001-2002,2,,Manchester United,9,6,2,1,30:14,16,20
2001-2002,2,,Manchester United,10,6,2,2,31:16,15,20
2001-2002,3,,Manchester United,11,6,3,2,32:17,15,21
2001-2002,5,,Manchester United,12,6,3,3,33:20,13,21
2001-2002,2,,Manchester United,13,7,3,3,35:20,15,24
2001-2002,4,,Manchester United,14,7,3,4,36:23,13,24
2001-2002,5,,Manchester United,15,7,3,5,36:26,10,24
2001-2002,5,,Manchester United,16,7,3,6,36:27,9,24
2001-2002,6,,Manchester United,17,8,3,6,37:27,10,27
2001-2002,5,,Manchester United,18,9,3,6,43:28,15,30
2001-2002,5,,Manchester United,19,10,3,6,45:28,17,33
2001-2002,5,,Manchester United,20,11,3,6,48:30,18,36
2001-2002,3,,Manchester United,21,12,3,6,51:31,20,39
2001-2002,2,,Manchester United,22,13,3,6,54:32,22,42
2001-2002,1,,Manchester United,23,14,3,6,56:33,23,45
2001-2002,1,,Manchester United,24,15,3,6,60:33,27,48
2001-2002,1,,Manchester United,25,16,3,6,64:34,30,51
2001-2002,1,,Manchester United,26,17,3,6,66:34,32,54
2001-2002,1,,Manchester United,27,18,3,6,67:34,33,57
2001-2002,1,,Manchester United,28,18,4,6,69:36,33,58
2001-2002,1,,Manchester United,29,19,4,6,73:36,37,61
2001-2002,1,,Manchester United,30,20,4,6,78:39,39,64
2001-2002,2,,Manchester United,31,20,4,7,78:40,38,64
2001-2002,2,,Manchester United,32,21,4,7,82:43,39,67
2001-2002,3,,Manchester United,33,21,4,8,82:44,38,67
2001-2002,3,,Manchester United,34,22,4,8,83:44,39,70
2001-2002,3,,Manchester United,35,22,4,9,83:45,38,70
2001-2002,3,,Manchester United,36,23,4,9,86:45,41,73
2001-2002,3,,Manchester United,37,24,4,9,87:45,42,76
2001-2002,3,,Manchester United,38,24,5,9,87:45,42,77
2002-2003,,,Manchester United,1,1,0,0,1:0,1,3
2002-2003,,,Manchester United,2,1,1,0,3:2,1,4
2002-2003,3,,Manchester United,3,2,1,0,4:2,2,7
2002-2003,4,,Manchester United,4,2,2,0,5:3,2,8
2002-2003,7,,Manchester United,5,2,2,1,5:4,1,8
2002-2003,10,,Manchester United,6,2,2,2,5:5,0,8
2002-2003,8,,Manchester United,7,3,2,2,6:5,1,11
2002-2003,4,,Manchester United,8,4,2,2,9:6,3,14
2002-2003,4,,Manchester United,9,5,2,2,12:6,6,17
2002-2003,4,,Manchester United,10,5,3,2,13:7,6,18
2002-2003,4,,Manchester United,11,5,4,2,14:8,6,19
2002-2003,3,,Manchester United,12,6,4,2,16:9,7,22
2002-2003,5,,Manchester United,13,6,4,3,17:12,5,22
2002-2003,6,,Manchester United,14,6,5,3,18:13,5,23
2002-2003,5,,Manchester United,15,7,5,3,23:16,7,26
2002-2003,4,,Manchester United,16,8,5,3,25:17,8,29
2002-2003,3,,Manchester United,17,9,5,3,27:17,10,32
2002-2003,2,,Manchester United,18,10,5,3,30:17,13,35
2002-2003,3,,Manchester United,19,10,5,4,30:18,12,35
2002-2003,3,,Manchester United,20,10,5,5,31:21,10,35
2002-2003,3,,Manchester United,21,11,5,5,33:21,12,38
2002-2003,2,,Manchester United,22,12,5,5,35:22,13,41
2002-2003,2,,Manchester United,23,13,5,5,38:23,15,44
2002-2003,2,,Manchester United,24,14,5,5,40:24,16,47
2002-2003,2,,Manchester United,25,15,5,5,41:24,17,50
2002-2003,2,,Manchester United,26,16,5,5,43:24,19,53
2002-2003,2,,Manchester United,27,16,6,5,44:25,19,54
2002-2003,2,,Manchester United,28,16,7,5,45:26,19,55
2002-2003,2,,Manchester United,29,17,7,5,47:27,20,58
2002-2003,2,,Manchester United,30,18,7,5,48:27,21,61
2002-2003,2,,Manchester United,31,19,7,5,51:27,24,64
2002-2003,2,,Manchester United,32,20,7,5,55:27,28,67
2002-2003,2,,Manchester United,33,21,7,5,61:29,32,70
2002-2003,2,,Manchester United,34,22,7,5,64:30,34,73
2002-2003,2,,Manchester United,35,22,8,5,66:32,34,74
2002-2003,1,,Manchester United,36,23,8,5,68:32,36,77
2002-2003,1,,Manchester United,37,24,8,5,72:33,39,80
2002-2003,1,,Manchester United,38,25,8,5,74:34,40,83
2003-2004,2,,Manchester United,1,1,0,0,4:0,4,3
2003-2004,,,Manchester United,2,2,0,0,6:1,5,6
2003-2004,2,,Manchester United,3,3,0,0,7:1,6,9
2003-2004,2,,Manchester United,4,3,0,1,7:2,5,9
2003-2004,2,,Manchester United,5,4,0,1,9:2,7,12
2003-2004,3,,Manchester United,6,4,1,1,9:2,7,13
2003-2004,3,,Manchester United,7,5,1,1,13:3,10,16
2003-2004,3,,Manchester United,8,6,1,1,16:3,13,19
2003-2004,2,,Manchester United,9,7,1,1,17:3,14,22
2003-2004,3,,Manchester United,10,7,1,2,18:6,12,22
2003-2004,3,,Manchester United,11,8,1,2,21:6,15,25
2003-2004,3,,Manchester United,12,9,1,2,23:7,16,28
2003-2004,3,,Manchester United,13,10,1,2,25:8,17,31
2003-2004,3,,Manchester United,14,10,1,3,25:9,16,31
2003-2004,3,,Manchester United,15,11,1,3,29:9,20,34
2003-2004,2,,Manchester United,16,12,1,3,32:10,22,37
2003-2004,1,,Manchester United,17,13,1,3,34:11,23,40
2003-2004,1,,Manchester United,18,14,1,3,37:13,24,43
2003-2004,1,,Manchester United,19,15,1,3,38:13,25,46
2003-2004,1,,Manchester United,20,16,1,3,40:14,26,49
2003-2004,1,,Manchester United,21,16,2,3,40:14,26,50
2003-2004,2,,Manchester United,22,16,2,4,40:15,25,50
2003-2004,2,,Manchester United,23,17,2,4,43:17,26,53
2003-2004,2,,Manchester United,24,18,2,4,47:20,27,56
2003-2004,2,,Manchester United,25,18,2,5,49:23,26,56
2003-2004,2,,Manchester United,26,18,3,5,50:24,26,57
2003-2004,3,,Manchester United,27,18,4,5,51:25,26,58
2003-2004,3,,Manchester United,28,18,4,6,52:29,23,58
2003-2004,3,,Manchester United,29,19,4,6,55:29,26,61
2003-2004,3,,Manchester United,30,19,5,6,56:30,26,62
2003-2004,3,,Manchester United,31,20,5,6,58:30,28,65
2003-2004,3,,Manchester United,32,21,5,6,60:31,29,68
2003-2004,3,,Manchester United,33,22,5,6,61:31,30,71
2003-2004,3,,Manchester United,34,22,5,7,61:32,29,71
2003-2004,3,,Manchester United,35,22,5,8,61:33,28,71
2003-2004,3,,Manchester United,36,22,5,9,61:34,27,71
2003-2004,3,,Manchester United,37,22,6,9,62:35,27,72
2003-2004,3,,Manchester United,38,23,6,9,64:35,29,75
2004-2005,17,,Manchester United,1,0,0,1,0:1,-1,0
2004-2005,8,,Manchester United,2,1,0,1,2:2,0,3
2004-2005,,,Manchester United,3,1,1,1,2:2,0,4
2004-2005,11,,Manchester United,4,1,2,1,3:3,0,5
2004-2005,11,,Manchester United,5,1,3,1,5:5,0,6
2004-2005,,,Manchester United,6,2,3,1,7:6,1,9
2004-2005,5,,Manchester United,7,3,3,1,8:6,2,12
2004-2005,4,,Manchester United,8,3,4,1,9:7,2,13
2004-2005,7,,Manchester United,9,3,5,1,9:7,2,14
2004-2005,6,,Manchester United,10,4,5,1,11:7,4,17
2004-2005,7,,Manchester United,11,4,5,2,11:9,2,17
2004-2005,8,,Manchester United,12,4,6,2,11:9,2,18
2004-2005,8,,Manchester United,13,5,6,2,14:10,4,21
2004-2005,6,,Manchester United,14,6,6,2,16:10,6,24
2004-2005,4,,Manchester United,15,7,6,2,19:10,9,27
2004-2005,4,,Manchester United,16,8,6,2,22:10,12,30
2004-2005,4,,Manchester United,17,8,7,2,23:11,12,31
2004-2005,4,,Manchester United,18,9,7,2,28:13,15,34
2004-2005,4,,Manchester United,19,10,7,2,30:13,17,37
2004-2005,3,,Manchester United,20,11,7,2,31:13,18,40
2004-2005,3,,Manchester United,21,12,7,2,33:13,20,43
2004-2005,3,,Manchester United,22,12,8,2,33:13,20,44
2004-2005,3,,Manchester United,23,13,8,2,34:13,21,47
2004-2005,3,,Manchester United,24,14,8,2,37:14,23,50
2004-2005,2,,Manchester United,25,15,8,2,41:16,25,53
2004-2005,2,,Manchester United,26,16,8,2,43:16,27,56
2004-2005,2,,Manchester United,27,17,8,2,45:16,29,59
2004-2005,2,,Manchester United,28,18,8,2,47:17,30,62
2004-2005,2,,Manchester United,29,18,9,2,47:17,30,63
2004-2005,2,,Manchester United,30,19,9,2,48:17,31,66
2004-2005,3,,Manchester United,31,19,10,2,48:17,31,67
2004-2005,3,,Manchester United,32,19,10,3,48:19,29,67
2004-2005,3,,Manchester United,33,19,10,4,49:22,27,67
2004-2005,3,,Manchester United,34,19,10,5,49:23,26,67
2004-2005,3,,Manchester United,35,20,10,5,51:24,27,70
2004-2005,3,,Manchester United,36,21,10,5,55:24,31,73
2004-2005,3,,Manchester United,37,21,11,5,56:25,31,74
2004-2005,3,,Manchester United,38,22,11,5,58:26,32,77
2005-2006,,,Manchester United,1,1,0,0,2:0,2,3
2005-2006,3,,Manchester United,2,2,0,0,3:0,3,6
2005-2006,1,,Manchester United,3,3,0,0,7:0,7,9
2005-2006,1,,Manchester United,4,4,0,0,9:0,9,12
2005-2006,3,,Manchester United,5,4,1,0,10:1,9,13
2005-2006,3,,Manchester United,6,4,2,0,10:1,9,14
2005-2006,3,,Manchester United,7,4,2,1,11:3,8,14
2005-2006,3,,Manchester United,8,5,2,1,14:5,9,17
2005-2006,2,,Manchester United,9,6,2,1,17:6,11,20
2005-2006,3,,Manchester United,10,6,3,1,18:7,11,21
2005-2006,4,,Manchester United,11,6,3,2,19:11,8,21
2005-2006,3,,Manchester United,12,7,3,2,20:11,9,24
2005-2006,2,,Manchester United,13,8,3,2,23:12,11,27
2005-2006,2,,Manchester United,14,9,3,2,25:13,12,30
2005-2006,2,,Manchester United,15,10,3,2,28:13,15,33
2005-2006,2,,Manchester United,16,10,4,2,29:14,15,34
2005-2006,2,,Manchester United,17,11,4,2,31:14,17,37
2005-2006,2,,Manchester United,18,12,4,2,34:14,20,40
2005-2006,2,,Manchester United,19,12,5,2,36:16,20,41
2005-2006,2,,Manchester United,20,13,5,2,40:17,23,44
2005-2006,2,,Manchester United,21,13,6,2,40:17,23,45
2005-2006,3,,Manchester United,22,13,6,3,41:20,21,45
2005-2006,2,,Manchester United,23,14,6,3,42:20,22,48
2005-2006,2,,Manchester United,24,14,6,4,45:24,21,48
2005-2006,2,,Manchester United,25,15,6,4,49:26,23,51
2005-2006,2,,Manchester United,26,16,6,4,52:27,25,54
2005-2006,2,,Manchester United,27,17,6,4,53:27,26,57
2005-2006,2,,Manchester United,28,18,6,4,55:28,27,60
2005-2006,2,,Manchester United,29,19,6,4,57:28,29,63
2005-2006,2,,Manchester United,30,20,6,4,59:29,30,66
2005-2006,2,,Manchester United,31,21,6,4,62:29,33,69
2005-2006,2,,Manchester United,32,22,6,4,64:30,34,72
2005-2006,2,,Manchester United,33,23,6,4,66:30,36,75
2005-2006,2,,Manchester United,34,23,7,4,66:30,36,76
2005-2006,2,,Manchester United,35,24,7,4,68:31,37,79
2005-2006,2,,Manchester United,36,24,8,4,68:31,37,80
2005-2006,2,,Manchester United,37,24,8,5,68:34,34,80
2005-2006,2,,Manchester United,38,25,8,5,72:34,38,83
2006-2007,1,,Manchester United,1,1,0,0,5:1,4,3
2006-2007,1,,Manchester United,2,2,0,0,8:1,7,6
2006-2007,1,,Manchester United,3,3,0,0,10:2,8,9
2006-2007,1,,Manchester United,4,4,0,0,11:2,9,12
2006-2007,2,,Manchester United,5,4,0,1,11:3,8,12
2006-2007,2,,Manchester United,6,4,1,1,12:4,8,13
2006-2007,1,,Manchester United,7,5,1,1,14:4,10,16
2006-2007,1,,Manchester United,8,6,1,1,17:5,12,19
2006-2007,1,,Manchester United,9,7,1,1,19:5,14,22
2006-2007,1,,Manchester United,10,8,1,1,23:5,18,25
2006-2007,1,,Manchester United,11,9,1,1,26:5,21,28
2006-2007,1,,Manchester United,12,10,1,1,27:5,22,31
2006-2007,1,,Manchester United,13,11,1,1,29:6,23,34
2006-2007,1,,Manchester United,14,11,2,1,30:7,23,35
2006-2007,1,,Manchester United,15,12,2,1,33:7,26,38
2006-2007,1,,Manchester United,16,13,2,1,35:8,27,41
2006-2007,1,,Manchester United,17,14,2,1,38:9,29,44
2006-2007,1,,Manchester United,18,14,2,2,38:10,28,44
2006-2007,1,,Manchester United,19,15,2,2,41:10,31,47
2006-2007,1,,Manchester United,20,16,2,2,44:11,33,50
2006-2007,1,,Manchester United,21,17,2,2,47:13,34,53
2006-2007,1,,Manchester United,22,17,3,2,49:15,34,54
2006-2007,1,,Manchester United,23,18,3,2,52:16,36,57
2006-2007,1,,Manchester United,24,18,3,3,53:18,35,57
2006-2007,1,,Manchester United,25,19,3,3,57:18,39,60
2006-2007,1,,Manchester United,26,20,3,3,61:18,43,63
2006-2007,1,,Manchester United,27,21,3,3,63:18,45,66
2006-2007,1,,Manchester United,28,22,3,3,65:19,46,69
2006-2007,1,,Manchester United,29,23,3,3,66:19,47,72
2006-2007,1,,Manchester United,30,24,3,3,70:20,50,75
2006-2007,1,,Manchester United,31,25,3,3,74:21,53,78
2006-2007,1,,Manchester United,32,25,3,4,75:23,52,78
2006-2007,1,,Manchester United,33,26,3,4,77:23,54,81
2006-2007,1,,Manchester United,34,26,4,4,77:23,54,82
2006-2007,1,,Manchester United,35,26,5,4,78:24,54,83
2006-2007,1,,Manchester United,36,27,5,4,82:26,56,86
2006-2007,1,,Manchester United,37,28,5,4,83:26,57,89
2006-2007,1,,Manchester United,38,28,5,5,83:27,56,89
2007-2008,11,,Manchester United,1,0,1,0,0:0,0,1
2007-2008,13,,Manchester United,2,0,2,0,1:1,0,2
2007-2008,17,,Manchester United,3,0,2,1,1:2,-1,2
2007-2008,10,,Manchester United,4,1,2,1,2:2,0,5
2007-2008,8,,Manchester United,5,2,2,1,3:2,1,8
2007-2008,4,,Manchester United,6,3,2,1,4:2,2,11
2007-2008,3,,Manchester United,7,4,2,1,6:2,4,14
2007-2008,3,,Manchester United,8,5,2,1,7:2,5,17
2007-2008,2,,Manchester United,9,6,2,1,11:2,9,20
2007-2008,2,,Manchester United,10,7,2,1,15:3,12,23
2007-2008,2,,Manchester United,11,8,2,1,19:4,15,26
2007-2008,2,,Manchester United,12,8,3,1,21:6,15,27
2007-2008,2,,Manchester United,13,9,3,1,23:6,17,30
2007-2008,3,,Manchester United,14,9,3,2,23:7,16,30
2007-2008,3,,Manchester United,15,10,3,2,25:7,18,33
2007-2008,2,,Manchester United,16,11,3,2,29:8,21,36
2007-2008,2,,Manchester United,17,12,3,2,30:8,22,39
2007-2008,2,,Manchester United,18,13,3,2,32:9,23,42
2007-2008,1,,Manchester United,19,14,3,2,36:9,27,45
2007-2008,2,,Manchester United,20,14,3,3,37:11,26,45
2007-2008,2,,Manchester United,21,15,3,3,38:11,27,48
2007-2008,1,,Manchester United,22,16,3,3,44:11,33,51
2007-2008,1,,Manchester United,23,17,3,3,46:11,35,54
2007-2008,1,,Manchester United,24,18,3,3,48:11,37,57
2007-2008,2,,Manchester United,25,18,4,3,49:12,37,58
2007-2008,2,,Manchester United,26,18,4,4,50:14,36,58
2007-2008,2,,Manchester United,27,19,4,4,55:15,40,61
2007-2008,2,,Manchester United,28,20,4,4,58:15,43,64
2007-2008,1,,Manchester United,29,21,4,4,60:15,45,67
2007-2008,1,,Manchester United,30,22,4,4,61:15,46,70
2007-2008,1,,Manchester United,31,23,4,4,64:15,49,73
2007-2008,1,,Manchester United,32,24,4,4,68:15,53,76
2007-2008,1,,Manchester United,33,24,5,4,70:17,53,77
2007-2008,1,,Manchester United,34,25,5,4,72:18,54,80
2007-2008,1,,Manchester United,35,25,6,4,73:19,54,81
2007-2008,1,,Manchester United,36,25,6,5,74:21,53,81
2007-2008,1,,Manchester United,37,26,6,5,78:22,56,84
2007-2008,1,,Manchester United,38,27,6,5,80:22,58,87
2008-2009,10,,Manchester United,1,0,1,0,1:1,0,1
2008-2009,5,,Manchester United,2,1,1,0,2:1,1,4
2008-2009,2,,Manchester United,3,2,1,0,5:1,4,7
2008-2009,4,,Manchester United,4,2,1,1,6:3,3,7
2008-2009,7,,Manchester United,5,2,2,1,7:4,3,8
2008-2009,6,,Manchester United,6,3,2,1,9:4,5,11
2008-2009,3,,Manchester United,7,4,2,1,11:4,7,14
2008-2009,3,,Manchester United,8,5,2,1,15:4,11,17
2008-2009,5,,Manchester United,9,5,3,1,16:5,11,18
2008-2009,3,,Manchester United,10,6,3,1,18:5,13,21
2008-2009,3,,Manchester United,11,7,3,1,22:8,14,24
2008-2009,3,,Manchester United,12,7,3,2,23:10,13,24
2008-2009,3,,Manchester United,13,8,3,2,28:10,18,27
2008-2009,3,,Manchester United,14,8,4,2,28:10,18,28
2008-2009,3,,Manchester United,15,9,4,2,29:10,19,31
2008-2009,3,,Manchester United,16,10,4,2,30:10,20,34
2008-2009,3,,Manchester United,17,10,5,2,30:10,20,35
2008-2009,3,,Manchester United,18,11,5,2,31:10,21,38
2008-2009,3,,Manchester United,19,12,5,2,32:10,22,41
2008-2009,2,,Manchester United,20,13,5,2,33:10,23,44
2008-2009,1,,Manchester United,21,14,5,2,36:10,26,47
2008-2009,1,,Manchester United,22,15,5,2,37:10,27,50
2008-2009,1,,Manchester United,23,16,5,2,42:10,32,53
2008-2009,1,,Manchester United,24,17,5,2,43:10,33,56
2008-2009,1,,Manchester United,25,18,5,2,44:10,34,59
2008-2009,1,,Manchester United,26,19,5,2,46:11,35,62
2008-2009,1,,Manchester United,27,20,5,2,48:11,37,65
2008-2009,1,,Manchester United,28,21,5,2,50:12,38,68
2008-2009,1,,Manchester United,29,21,5,3,51:16,35,68
2008-2009,1,,Manchester United,30,21,5,4,51:18,33,68
2008-2009,1,,Manchester United,31,22,5,4,54:20,34,71
2008-2009,1,,Manchester United,32,23,5,4,56:21,35,74
2008-2009,1,,Manchester United,33,24,5,4,58:22,36,77
2008-2009,1,,Manchester United,34,25,5,4,63:24,39,80
2008-2009,1,,Manchester United,35,26,5,4,65:24,41,83
2008-2009,1,,Manchester United,36,27,5,4,67:24,43,86
2008-2009,1,,Manchester United,37,27,6,4,67:24,43,87
2008-2009,1,,Manchester United,38,28,6,4,68:24,44,90
2009-2010,,,Manchester United,1,1,0,0,1:0,1,3
2009-2010,,,Manchester United,2,1,0,1,1:1,0,3
2009-2010,4,,Manchester United,3,2,0,1,6:1,5,6
2009-2010,4,,Manchester United,4,3,0,1,8:2,6,9
2009-2010,2,,Manchester United,5,4,0,1,11:3,8,12
2009-2010,2,,Manchester United,6,5,0,1,15:6,9,15
2009-2010,1,,Manchester United,7,6,0,1,17:6,11,18
2009-2010,2,,Manchester United,8,6,1,1,19:8,11,19
2009-2010,1,,Manchester United,9,7,1,1,21:9,12,22
2009-2010,3,,Manchester United,10,7,1,2,21:11,10,22
2009-2010,3,,Manchester United,11,8,1,2,23:11,12,25
2009-2010,3,,Manchester United,12,8,1,3,23:12,11,25
2009-2010,3,,Manchester United,13,9,1,3,26:12,14,28
2009-2010,2,,Manchester United,14,10,1,3,30:13,17,31
2009-2010,2,,Manchester United,15,11,1,3,34:13,21,34
2009-2010,3,,Manchester United,16,11,1,4,34:14,20,34
2009-2010,2,,Manchester United,17,12,1,4,37:14,23,37
2009-2010,3,,Manchester United,18,12,1,5,37:17,20,37
2009-2010,3,,Manchester United,19,13,1,5,40:18,22,40
2009-2010,3,,Manchester United,20,14,1,5,45:18,27,43
2009-2010,3,,Manchester United,21,14,2,5,46:19,27,44
2009-2010,3,,Manchester United,22,15,2,5,49:19,30,47
2009-2010,2,,Manchester United,23,16,2,5,53:19,34,50
2009-2010,2,,Manchester United,24,17,2,5,56:20,36,53
2009-2010,2,,Manchester United,25,18,2,5,61:20,41,56
2009-2010,2,,Manchester United,26,18,3,5,62:21,41,57
2009-2010,2,,Manchester United,27,18,3,6,63:24,39,57
2009-2010,2,,Manchester United,28,19,3,6,66:24,42,60
2009-2010,2,,Manchester United,29,20,3,6,67:24,43,63
2009-2010,2,,Manchester United,30,21,3,6,70:24,46,66
2009-2010,1,,Manchester United,31,22,3,6,72:25,47,69
2009-2010,1,,Manchester United,32,23,3,6,76:25,51,72
2009-2010,2,,Manchester United,33,23,3,7,77:27,50,72
2009-2010,2,,Manchester United,34,23,4,7,77:27,50,73
2009-2010,2,,Manchester United,35,24,4,7,78:27,51,76
2009-2010,2,,Manchester United,36,25,4,7,81:28,53,79
2009-2010,2,,Manchester United,37,26,4,7,82:28,54,82
2009-2010,2,,Manchester United,38,27,4,7,86:28,58,85
2010-2011,,,Manchester United,1,1,0,0,3:0,3,3
2010-2011,3,,Manchester United,2,1,1,0,5:2,3,4
2010-2011,3,,Manchester United,3,2,1,0,8:2,6,7
2010-2011,3,,Manchester United,4,2,2,0,11:5,6,8
2010-2011,3,,Manchester United,5,3,2,0,14:7,7,11
2010-2011,2,,Manchester United,6,3,3,0,16:9,7,12
2010-2011,3,,Manchester United,7,3,4,0,16:9,7,13
2010-2011,4,,Manchester United,8,3,5,0,18:11,7,14
2010-2011,3,,Manchester United,9,4,5,0,20:12,8,17
2010-2011,3,,Manchester United,10,5,5,0,22:12,10,20
2010-2011,2,,Manchester United,11,6,5,0,24:13,11,23
2010-2011,2,,Manchester United,12,6,6,0,24:13,11,24
2010-2011,3,,Manchester United,13,6,7,0,26:15,11,25
2010-2011,2,,Manchester United,14,7,7,0,28:15,13,28
2010-2011,1,,Manchester United,15,8,7,0,35:16,19,31
2010-2011,1,,Manchester United,16,9,7,0,38:18,20,34
2010-2011,1,,Manchester United,17,10,7,0,39:18,21,37
2010-2011,1,,Manchester United,18,10,7,1,40:20,20,37
2010-2011,1,,Manchester United,19,11,7,1,42:20,22,40
2010-2011,1,,Manchester United,20,11,8,1,43:21,22,41
2010-2011,1,,Manchester United,21,12,8,1,45:22,23,44
2010-2011,1,,Manchester United,22,13,8,1,47:23,24,47
2010-2011,1,,Manchester United,23,13,9,1,47:23,24,48
2010-2011,1,,Manchester United,24,14,9,1,52:23,29,51
2010-2011,1,,Manchester United,25,15,9,1,55:24,31,54
2010-2011,1,,Manchester United,26,15,9,2,56:26,30,54
2010-2011,1,,Manchester United,27,16,9,2,58:27,31,57
2010-2011,1,,Manchester United,28,17,9,2,62:27,35,60
2010-2011,1,,Manchester United,29,17,9,3,63:30,33,60
2010-2011,1,,Manchester United,30,18,9,3,64:30,34,63
2010-2011,1,,Manchester United,31,19,9,3,68:32,36,66
2010-2011,1,,Manchester United,32,20,9,3,70:32,38,69
2010-2011,1,,Manchester United,33,20,10,3,70:32,38,70
2010-2011,1,,Manchester United,34,21,10,3,71:32,39,73
2010-2011,1,,Manchester United,35,21,10,4,71:33,38,73
2010-2011,1,,Manchester United,36,22,10,4,73:34,39,76
2010-2011,1,,Manchester United,37,22,11,4,74:35,39,77
2010-2011,1,,Manchester United,38,23,11,4,78:37,41,80
2011-2012,4,,Manchester United,1,1,0,0,2:1,1,3
2011-2012,2,,Manchester United,2,2,0,0,5:1,4,6
2011-2012,1,,Manchester United,3,3,0,0,13:3,10,9
2011-2012,1,,Manchester United,4,4,0,0,18:3,15,12
2011-2012,1,,Manchester United,5,5,0,0,21:4,17,15
2011-2012,1,,Manchester United,6,5,1,0,22:5,17,16
2011-2012,1,,Manchester United,7,6,1,0,24:5,19,19
2011-2012,2,,Manchester United,8,6,2,0,25:6,19,20
2011-2012,2,,Manchester United,9,6,2,1,26:12,14,20
2011-2012,2,,Manchester United,10,7,2,1,27:12,15,23
2011-2012,2,,Manchester United,11,8,2,1,28:12,16,26
2011-2012,2,,Manchester United,12,9,2,1,29:12,17,29
2011-2012,3,,Manchester United,13,9,3,1,30:13,17,30
2011-2012,3,,Manchester United,14,10,3,1,31:13,18,33
2011-2012,2,,Manchester United,15,11,3,1,35:14,21,36
2011-2012,2,,Manchester United,16,12,3,1,37:14,23,39
2011-2012,2,,Manchester United,17,13,3,1,42:14,28,42
2011-2012,2,,Manchester United,18,14,3,1,47:14,33,45
2011-2012,2,,Manchester United,19,14,3,2,49:17,32,45
2011-2012,2,,Manchester United,20,14,3,3,49:20,29,45
2011-2012,2,,Manchester United,21,15,3,3,52:20,32,48
2011-2012,2,,Manchester United,22,16,3,3,54:21,33,51
2011-2012,2,,Manchester United,23,17,3,3,56:21,35,54
2011-2012,2,,Manchester United,24,17,4,3,59:24,35,55
2011-2012,2,,Manchester United,25,18,4,3,61:25,36,58
2011-2012,2,,Manchester United,26,19,4,3,63:26,37,61
2011-2012,2,,Manchester United,27,20,4,3,66:27,39,64
2011-2012,1,,Manchester United,28,21,4,3,68:27,41,67
2011-2012,1,,Manchester United,29,22,4,3,73:27,46,70
2011-2012,1,,Manchester United,30,23,4,3,74:27,47,73
2011-2012,1,,Manchester United,31,24,4,3,76:27,49,76
2011-2012,1,,Manchester United,32,25,4,3,78:27,51,79
2011-2012,1,,Manchester United,33,25,4,4,78:28,50,79
2011-2012,1,,Manchester United,34,26,4,4,82:28,54,82
2011-2012,1,,Manchester United,35,26,5,4,86:32,54,83
2011-2012,2,,Manchester United,36,26,5,5,86:33,53,83
2011-2012,2,,Manchester United,37,27,5,5,88:33,55,86
2011-2012,2,,Manchester United,38,28,5,5,89:33,56,89
2012-2013,,,Manchester United,1,0,0,1,0:1,-1,0
2012-2013,8,,Manchester United,2,1,0,1,3:3,0,3
2012-2013,5,,Manchester United,3,2,0,1,6:5,1,6
2012-2013,2,,Manchester United,4,3,0,1,10:5,5,9
2012-2013,2,,Manchester United,5,4,0,1,12:6,6,12
2012-2013,3,,Manchester United,6,4,0,2,14:9,5,12
2012-2013,2,,Manchester United,7,5,0,2,17:9,8,15
2012-2013,2,,Manchester United,8,6,0,2,21:11,10,18
2012-2013,2,,Manchester United,9,7,0,2,24:13,11,21
2012-2013,1,,Manchester United,10,8,0,2,26:14,12,24
2012-2013,1,,Manchester United,11,9,0,2,29:16,13,27
2012-2013,2,,Manchester United,12,9,0,3,29:17,12,27
2012-2013,1,,Manchester United,13,10,0,3,32:18,14,30
2012-2013,1,,Manchester United,14,11,0,3,33:18,15,33
2012-2013,1,,Manchester United,15,12,0,3,37:21,16,36
2012-2013,1,,Manchester United,16,13,0,3,40:23,17,39
2012-2013,1,,Manchester United,17,14,0,3,43:24,19,42
2012-2013,1,,Manchester United,18,14,1,3,44:25,19,43
2012-2013,1,,Manchester United,19,15,1,3,48:28,20,46
2012-2013,1,,Manchester United,20,16,1,3,50:28,22,49
2012-2013,1,,Manchester United,21,17,1,3,54:28,26,52
2012-2013,1,,Manchester United,22,18,1,3,56:29,27,55
2012-2013,1,,Manchester United,23,18,2,3,57:30,27,56
2012-2013,1,,Manchester United,24,19,2,3,59:31,28,59
2012-2013,1,,Manchester United,25,20,2,3,60:31,29,62
2012-2013,1,,Manchester United,26,21,2,3,62:31,31,65
2012-2013,1,,Manchester United,27,22,2,3,64:31,33,68
2012-2013,1,,Manchester United,28,23,2,3,68:31,37,71
2012-2013,1,,Manchester United,29,23,3,3,70:33,37,72
2012-2013,1,,Manchester United,30,24,3,3,71:33,38,75
2012-2013,1,,Manchester United,31,25,3,3,72:33,39,78
2012-2013,1,,Manchester United,32,25,3,4,73:35,38,78
2012-2013,1,,Manchester United,33,26,3,4,75:35,40,81
2012-2013,1,,Manchester United,34,27,3,4,78:35,43,84
2012-2013,1,,Manchester United,35,27,4,4,79:36,43,85
2012-2013,1,,Manchester United,36,27,4,5,79:37,42,85
2012-2013,1,,Manchester United,37,28,4,5,81:38,43,88
2012-2013,1,,Manchester United,38,28,5,5,86:43,43,89
2013-2014,2,,Manchester United,1,1,0,0,4:1,3,3
2013-2014,3,,Manchester United,2,1,1,0,4:1,3,4
2013-2014,7,,Manchester United,3,1,1,1,4:2,2,4
2013-2014,5,,Manchester United,4,2,1,1,6:2,4,7
2013-2014,8,,Manchester United,5,2,1,2,7:6,1,7
2013-2014,12,,Manchester United,6,2,1,3,8:8,0,7
2013-2014,9,,Manchester United,7,3,1,3,10:9,1,10
2013-2014,8,,Manchester United,8,3,2,3,11:10,1,11
2013-2014,8,,Manchester United,9,4,2,3,14:12,2,14
2013-2014,8,,Manchester United,10,5,2,3,17:13,4,17
2013-2014,5,,Manchester United,11,6,2,3,18:13,5,20
2013-2014,6,,Manchester United,12,6,3,3,20:15,5,21
2013-2014,8,,Manchester United,13,6,4,3,22:17,5,22
2013-2014,9,,Manchester United,14,6,4,4,22:18,4,22
2013-2014,9,,Manchester United,15,6,4,5,22:19,3,22
2013-2014,8,,Manchester United,16,7,4,5,25:19,6,25
2013-2014,8,,Manchester United,17,8,4,5,28:20,8,28
2013-2014,7,,Manchester United,18,9,4,5,31:22,9,31
2013-2014,6,,Manchester United,19,10,4,5,32:22,10,34
2013-2014,7,,Manchester United,20,10,4,6,33:24,9,34
2013-2014,7,,Manchester United,21,11,4,6,35:24,11,37
2013-2014,7,,Manchester United,22,11,4,7,36:27,9,37
2013-2014,7,,Manchester United,23,12,4,7,38:27,11,40
2013-2014,7,,Manchester United,24,12,4,8,39:29,10,40
2013-2014,7,,Manchester United,25,12,5,8,41:31,10,41
2013-2014,7,,Manchester United,26,12,6,8,41:31,10,42
2013-2014,6,,Manchester United,27,13,6,8,43:31,12,45
2013-2014,7,,Manchester United,28,13,6,9,43:34,9,45
2013-2014,7,,Manchester United,29,14,6,9,46:34,12,48
2013-2014,7,,Manchester United,30,14,6,10,46:37,9,48
2013-2014,7,,Manchester United,31,15,6,10,48:37,11,51
2013-2014,7,,Manchester United,32,16,6,10,52:38,14,54
2013-2014,7,,Manchester United,33,17,6,10,56:38,18,57
2013-2014,6,,Manchester United,34,18,6,10,59:39,20,60
2013-2014,7,,Manchester United,35,18,6,11,59:41,18,60
2013-2014,7,,Manchester United,36,19,6,11,63:41,22,63
2013-2014,7,,Manchester United,37,19,6,12,63:42,21,63
2013-2014,7,,Manchester United,38,19,7,12,64:43,21,64
2014-2015,,,Manchester United,1,0,0,1,1:2,-1,0
2014-2015,13,,Manchester United,2,0,1,1,2:3,-1,1
2014-2015,14,,Manchester United,3,0,2,1,2:3,-1,2
2014-2015,9,,Manchester United,4,1,2,1,6:3,3,5
2014-2015,12,,Manchester United,5,1,2,2,9:8,1,5
2014-2015,7,,Manchester United,6,2,2,2,11:9,2,8
2014-2015,4,,Manchester United,7,3,2,2,13:10,3,11
2014-2015,6,,Manchester United,8,3,3,2,15:12,3,12
2014-2015,8,,Manchester United,9,3,4,2,16:13,3,13
2014-2015,10,,Manchester United,10,3,4,3,16:14,2,13
2014-2015,7,,Manchester United,11,4,4,3,17:14,3,16
2014-2015,4,,Manchester United,12,5,4,3,19:15,4,19
2014-2015,4,,Manchester United,13,6,4,3,22:15,7,22
2014-2015,4,,Manchester United,14,7,4,3,24:16,8,25
2014-2015,3,,Manchester United,15,8,4,3,26:17,9,28
2014-2015,3,,Manchester United,16,9,4,3,29:17,12,31
2014-2015,3,,Manchester United,17,9,5,3,30:18,12,32
2014-2015,3,,Manchester United,18,10,5,3,33:19,14,35
2014-2015,3,,Manchester United,19,10,6,3,33:19,14,36
2014-2015,3,,Manchester United,20,10,7,3,34:20,14,37
2014-2015,4,,Manchester United,21,10,7,4,34:21,13,37
2014-2015,4,,Manchester United,22,11,7,4,36:21,15,40
2014-2015,3,,Manchester United,23,12,7,4,39:22,17,43
2014-2015,4,,Manchester United,24,12,8,4,40:23,17,44
2014-2015,3,,Manchester United,25,13,8,4,43:24,19,47
2014-2015,4,,Manchester United,26,13,8,5,44:26,18,47
2014-2015,4,,Manchester United,27,14,8,5,46:26,20,50
2014-2015,4,,Manchester United,28,15,8,5,47:26,21,53
2014-2015,4,,Manchester United,29,16,8,5,50:26,24,56
2014-2015,4,,Manchester United,30,17,8,5,52:27,25,59
2014-2015,3,,Manchester United,31,18,8,5,55:28,27,62
2014-2015,3,,Manchester United,32,19,8,5,59:30,29,65
2014-2015,3,,Manchester United,33,19,8,6,59:31,28,65
2014-2015,4,,Manchester United,34,19,8,7,59:34,25,65
2014-2015,4,,Manchester United,35,19,8,8,59:35,24,65
2014-2015,4,,Manchester United,36,20,8,8,61:36,25,68
2014-2015,4,,Manchester United,37,20,9,8,62:37,25,69
2014-2015,4,,Manchester United,38,20,10,8,62:37,25,70
2015-2016,,,Manchester United,1,1,0,0,1:0,1,3
2015-2016,,,Manchester United,2,2,0,0,2:0,2,6
2015-2016,,,Manchester United,3,2,1,0,2:0,2,7
2015-2016,5,,Manchester United,4,2,1,1,3:2,1,7
2015-2016,3,,Manchester United,5,3,1,1,6:3,3,10
2015-2016,2,,Manchester United,6,4,1,1,9:5,4,13
2015-2016,1,,Manchester United,7,5,1,1,12:5,7,16
2015-2016,3,,Manchester United,8,5,1,2,12:8,4,16
2015-2016,3,,Manchester United,9,6,1,2,15:8,7,19
2015-2016,4,,Manchester United,10,6,2,2,15:8,7,20
2015-2016,4,,Manchester United,11,6,3,2,15:8,7,21
2015-2016,4,,Manchester United,12,7,3,2,17:8,9,24
2015-2016,2,,Manchester United,13,8,3,2,19:9,10,27
2015-2016,3,,Manchester United,14,8,4,2,20:10,10,28
2015-2016,4,,Manchester United,15,8,5,2,20:10,10,29
2015-2016,4,,Manchester United,16,8,5,3,21:12,9,29
2015-2016,5,,Manchester United,17,8,5,4,22:14,8,29
2015-2016,6,,Manchester United,18,8,5,5,22:16,6,29
2015-2016,6,,Manchester United,19,8,6,5,22:16,6,30
2015-2016,5,,Manchester United,20,9,6,5,24:17,7,33
2015-2016,6,,Manchester United,21,9,7,5,27:20,7,34
2015-2016,5,,Manchester United,22,10,7,5,28:20,8,37
2015-2016,5,,Manchester United,23,10,7,6,28:21,7,37
2015-2016,5,,Manchester United,24,11,7,6,31:21,10,40
2015-2016,5,,Manchester United,25,11,8,6,32:22,10,41
2015-2016,5,,Manchester United,26,11,8,7,33:24,9,41
2015-2016,5,,Manchester United,27,12,8,7,36:26,10,44
2015-2016,5,,Manchester United,28,13,8,7,37:26,11,47
2015-2016,7,,Manchester United,29,13,8,8,37:27,10,47
2015-2016,6,,Manchester United,30,14,8,8,39:27,12,50
2015-2016,5,,Manchester United,31,15,8,8,40:27,13,53
2015-2016,4,,Manchester United,32,16,8,8,41:27,14,56
2015-2016,5,,Manchester United,33,16,8,9,41:30,11,56
2015-2016,5,,Manchester United,34,17,8,9,42:30,12,59
2015-2016,6,,Manchester United,35,17,8,10,44:33,11,59
2015-2016,6,,Manchester United,36,17,9,10,45:34,11,60
2015-2016,5,,Manchester United,37,18,9,10,46:34,12,63
2015-2016,5,,Manchester United,38,19,9,10,49:35,14,66
2016-2017,1,,Manchester United,1,1,0,0,3:1,2,3
2016-2017,2,,Manchester United,2,2,0,0,5:1,4,6
2016-2017,3,,Manchester United,3,3,0,0,6:1,5,9
2016-2017,4,,Manchester United,4,3,0,1,7:3,4,9
2016-2017,7,,Manchester United,5,3,0,2,8:6,2,9
2016-2017,6,,Manchester United,6,4,0,2,12:7,5,12
2016-2017,6,,Manchester United,7,4,1,2,13:8,5,13
2016-2017,7,,Manchester United,8,4,2,2,13:8,5,14
2016-2017,7,,Manchester United,9,4,2,3,13:12,1,14
2016-2017,8,,Manchester United,10,4,3,3,13:12,1,15
2016-2017,6,,Manchester United,11,5,3,3,16:13,3,18
2016-2017,6,,Manchester United,12,5,4,3,17:14,3,19
2016-2017,6,,Manchester United,13,5,5,3,18:15,3,20
2016-2017,6,,Manchester United,14,5,6,3,19:16,3,21
2016-2017,6,,Manchester United,15,6,6,3,20:16,4,24
2016-2017,6,,Manchester United,16,7,6,3,22:17,5,27
2016-2017,6,,Manchester United,17,8,6,3,24:17,7,30
2016-2017,6,,Manchester United,18,9,6,3,27:18,9,33
2016-2017,6,,Manchester United,19,10,6,3,29:19,10,36
2016-2017,6,,Manchester United,20,11,6,3,31:19,12,39
2016-2017,6,,Manchester United,21,11,7,3,32:20,12,40
2016-2017,6,,Manchester United,22,11,8,3,33:21,12,41
2016-2017,6,,Manchester United,23,11,9,3,33:21,12,42
2016-2017,6,,Manchester United,24,12,9,3,36:21,15,45
2016-2017,6,,Manchester United,25,13,9,3,38:21,17,48
2016-2017,6,,Manchester United,26,13,10,3,38:21,17,49
2016-2017,6,,Manchester United,27,13,11,3,39:22,17,50
2016-2017,6,,Manchester United,28,13,12,3,39:22,17,51
2016-2017,6,,Manchester United,29,14,12,3,42:23,19,54
2016-2017,6,,Manchester United,30,14,13,3,42:23,19,55
2016-2017,6,,Manchester United,31,14,14,3,43:24,19,56
2016-2017,6,,Manchester United,32,15,14,3,46:24,22,59
2016-2017,6,,Manchester United,33,16,14,3,48:24,24,62
2016-2017,6,,Manchester United,34,17,14,3,50:24,26,65
2016-2017,6,,Manchester United,35,17,15,3,51:25,26,66
2016-2017,6,,Manchester United,36,17,15,4,51:27,24,66
2016-2017,6,,Manchester United,37,17,15,5,52:29,23,66
2016-2017,6,,Manchester United,38,18,15,5,54:29,25,69
2017-2018,1,,Manchester United,1,1,0,0,4:0,4,3
2017-2018,1,,Manchester United,2,2,0,0,8:0,8,6
2017-2018,1,,Manchester United,3,3,0,0,10:0,10,9
2017-2018,1,,Manchester United,4,3,1,0,12:2,10,10
2017-2018,,,Manchester United,5,4,1,0,16:2,14,13
2017-2018,2,,Manchester United,6,5,1,0,17:2,15,16
2017-2018,2,,Manchester United,7,6,1,0,21:2,19,19
2017-2018,2,,Manchester United,8,6,2,0,21:2,19,20
2017-2018,2,,Manchester United,9,6,2,1,22:4,18,20
2017-2018,2,,Manchester United,10,7,2,1,23:4,19,23
2017-2018,2,,Manchester United,11,7,2,2,23:5,18,23
2017-2018,2,,Manchester United,12,8,2,2,27:6,21,26
2017-2018,2,,Manchester United,13,9,2,2,28:6,22,29
2017-2018,2,,Manchester United,14,10,2,2,32:8,24,32
2017-2018,2,,Manchester United,15,11,2,2,35:9,26,35
2017-2018,2,,Manchester United,16,11,2,3,36:11,25,35
2017-2018,2,,Manchester United,17,12,2,3,37:11,26,38
2017-2018,2,,Manchester United,18,13,2,3,39:12,27,41
2017-2018,2,,Manchester United,19,13,3,3,41:14,27,42
2017-2018,2,,Manchester United,20,13,4,3,43:16,27,43
2017-2018,3,,Manchester United,21,13,5,3,43:16,27,44
2017-2018,2,,Manchester United,22,14,5,3,45:16,29,47
2017-2018,2,,Manchester United,23,15,5,3,48:16,32,50
2017-2018,2,,Manchester United,24,16,5,3,49:16,33,53
2017-2018,2,,Manchester United,25,16,5,4,49:18,31,53
2017-2018,2,,Manchester United,26,17,5,4,51:18,33,56
2017-2018,2,,Manchester United,27,17,5,5,51:19,32,56
2017-2018,2,,Manchester United,28,18,5,5,53:20,33,59
2017-2018,2,,Manchester United,29,19,5,5,56:22,34,62
2017-2018,2,,Manchester United,30,20,5,5,58:23,35,65
2017-2018,2,,Manchester United,31,20,6,5,58:23,35,66
2017-2018,2,,Manchester United,32,21,6,5,60:23,37,69
2017-2018,2,,Manchester United,33,22,6,5,63:25,38,72
2017-2018,2,,Manchester United,34,22,6,6,63:26,37,72
2017-2018,2,,Manchester United,35,23,6,6,65:26,39,75
2017-2018,2,,Manchester United,36,24,6,6,67:27,40,78
2017-2018,2,,Manchester United,37,24,6,7,67:28,39,78
2017-2018,2,,Manchester United,38,25,6,7,68:28,40,81
2018-2019,7,,Manchester United,1,1,0,0,2:1,1,3
2018-2019,9,,Manchester United,2,1,0,1,4:4,0,3
2018-2019,13,,Manchester United,3,1,0,2,4:7,-3,3
2018-2019,10,,Manchester United,4,2,0,2,6:7,-1,6
2018-2019,8,,Manchester United,5,3,0,2,8:8,0,9
2018-2019,7,,Manchester United,6,3,1,2,9:9,0,10
2018-2019,10,,Manchester United,7,3,1,3,10:12,-2,10
2018-2019,8,,Manchester United,8,4,1,3,13:14,-1,13
2018-2019,10,,Manchester United,9,4,2,3,15:16,-1,14
2018-2019,8,,Manchester United,10,5,2,3,17:17,0,17
2018-2019,7,,Manchester United,11,6,2,3,19:18,1,20
2018-2019,8,,Manchester United,12,6,2,4,20:21,-1,20
2018-2019,7,,Manchester United,13,6,3,4,20:21,-1,21
2018-2019,7,,Manchester United,14,6,4,4,22:23,-1,22
2018-2019,8,,Manchester United,15,6,5,4,24:25,-1,23
2018-2019,6,,Manchester United,16,7,5,4,28:26,2,26
2018-2019,6,,Manchester United,17,7,5,5,29:29,0,26
2018-2019,6,,Manchester United,18,8,5,5,34:30,4,29
2018-2019,6,,Manchester United,19,9,5,5,37:31,6,32
2018-2019,6,,Manchester United,20,10,5,5,41:32,9,35
2018-2019,6,,Manchester United,21,11,5,5,43:32,11,38
2018-2019,6,,Manchester United,22,12,5,5,44:32,12,41
2018-2019,6,,Manchester United,23,13,5,5,46:33,13,44
2018-2019,6,,Manchester United,24,13,6,5,48:35,13,45
2018-2019,5,,Manchester United,25,14,6,5,49:35,14,48
2018-2019,4,,Manchester United,26,15,6,5,52:35,17,51
2018-2019,6,,Manchester United,27,15,7,5,52:35,17,52
2018-2019,6,,Manchester United,28,16,7,5,55:36,19,55
2018-2019,5,,Manchester United,29,17,7,5,58:38,20,58
2018-2019,6,,Manchester United,30,17,7,6,58:40,18,58
2018-2019,6,,Manchester United,31,17,7,7,58:42,16,58
2018-2019,6,,Manchester United,32,18,7,7,60:43,17,61
2018-2019,6,,Manchester United,33,18,7,8,61:45,16,61
2018-2019,6,,Manchester United,34,19,7,8,63:46,17,64
2018-2019,6,,Manchester United,35,19,7,9,63:50,13,64
2018-2019,6,,Manchester United,36,19,8,9,64:51,13,65
2018-2019,6,,Manchester United,37,19,9,9,65:52,13,66
2018-2019,6,,Manchester United,38,19,9,10,65:54,11,66
2019-2020,2,,Manchester United,1,1,0,0,4:0,4,3
2019-2020,4,,Manchester United,2,1,1,0,5:1,4,4
2019-2020,5,,Manchester United,3,1,1,1,6:3,3,4
2019-2020,8,,Manchester United,4,1,2,1,7:4,3,5
2019-2020,4,,Manchester United,5,2,2,1,8:4,4,8
2019-2020,8,,Manchester United,6,2,2,2,8:6,2,8
2019-2020,10,,Manchester United,7,2,3,2,9:7,2,9
2019-2020,12,,Manchester United,8,2,3,3,9:8,1,9
2019-2020,14,,Manchester United,9,2,4,3,10:9,1,10
2019-2020,7,,Manchester United,10,3,4,3,13:10,3,13
2019-2020,10,,Manchester United,11,3,4,4,13:11,2,13
2019-2020,7,,Manchester United,12,4,4,4,16:12,4,16
2019-2020,9,,Manchester United,13,4,5,4,19:15,4,17
2019-2020,9,,Manchester United,14,4,6,4,21:17,4,18
2019-2020,6,,Manchester United,15,5,6,4,23:18,5,21
2019-2020,5,,Manchester United,16,6,6,4,25:19,6,24
2019-2020,6,,Manchester United,17,6,7,4,26:20,6,25
2019-2020,8,,Manchester United,18,6,7,5,26:22,4,25
2019-2020,8,,Manchester United,19,7,7,5,30:23,7,28
2019-2020,5,,Manchester United,20,8,7,5,32:23,9,31
2019-2020,5,,Manchester United,21,8,7,6,32:25,7,31
2019-2020,5,,Manchester United,22,9,7,6,36:25,11,34
2019-2020,5,,Manchester United,23,9,7,7,36:27,9,34
2019-2020,5,,Manchester United,24,9,7,8,36:29,7,34
2019-2020,7,,Manchester United,25,9,8,8,36:29,7,35
2019-2020,7,,Manchester United,26,10,8,8,38:29,9,38
2019-2020,5,,Manchester United,27,11,8,8,41:29,12,41
2019-2020,5,,Manchester United,28,11,9,8,42:30,12,42
2019-2020,5,,Manchester United,29,12,9,8,44:30,14,45
2019-2020,5,,Manchester United,30,12,10,8,45:31,14,46
2019-2020,5,,Manchester United,31,13,10,8,48:31,17,49
2019-2020,5,,Manchester United,32,14,10,8,51:31,20,52
2019-2020,5,,Manchester United,33,15,10,8,56:33,23,55
2019-2020,5,,Manchester United,34,16,10,8,59:33,26,58
2019-2020,5,,Manchester United,35,16,11,8,61:35,26,59
2019-2020,5,,Manchester United,36,17,11,8,63:35,28,62
2019-2020,3,,Manchester United,37,17,12,8,64:36,28,63
2019-2020,3,,Manchester United,38,18,12,8,66:36,30,66
2020-2021,,,Manchester United,1,1,0,0,1:0,1,3
2020-2021,12,,Manchester United,2,1,0,1,2:3,-1,3
2020-2021,9,,Manchester United,3,2,0,1,5:5,0,6
2020-2021,15,,Manchester United,4,2,0,2,6:11,-5,6
2020-2021,7,,Manchester United,5,3,0,2,10:12,-2,9
2020-2021,10,,Manchester United,6,3,1,2,10:12,-2,10
2020-2021,13,,Manchester United,7,3,1,3,10:13,-3,10
2020-2021,10,,Manchester United,8,4,1,3,13:14,-1,13
2020-2021,7,,Manchester United,9,5,1,3,14:14,0,16
2020-2021,4,,Manchester United,10,6,1,3,17:16,1,19
2020-2021,4,,Manchester United,11,7,1,3,20:17,3,22
2020-2021,5,,Manchester United,12,7,2,3,20:17,3,23
2020-2021,2,,Manchester United,13,8,2,3,23:19,4,26
2020-2021,2,,Manchester United,14,9,2,3,29:21,8,29
2020-2021,2,,Manchester United,15,9,3,3,31:23,8,30
2020-2021,2,,Manchester United,16,10,3,3,32:23,9,33
2020-2021,1,,Manchester United,17,11,3,3,34:24,10,36
2020-2021,1,,Manchester United,18,12,3,3,36:25,11,39
2020-2021,2,,Manchester United,19,12,4,3,36:25,11,40
2020-2021,2,,Manchester United,20,12,4,4,37:27,10,40
2020-2021,2,,Manchester United,21,12,5,4,37:27,10,41
2020-2021,2,,Manchester United,22,13,5,4,46:27,19,44
2020-2021,2,,Manchester United,23,13,6,4,49:30,19,45
2020-2021,2,,Manchester United,24,13,7,4,50:31,19,46
2020-2021,2,,Manchester United,25,14,7,4,53:32,21,49
2020-2021,2,,Manchester United,26,14,8,4,53:32,21,50
2020-2021,2,,Manchester United,27,15,8,4,55:32,23,53
2020-2021,2,,Manchester United,28,16,8,4,56:32,24,56
2020-2021,2,,Manchester United,29,16,9,4,56:32,24,57
2020-2021,2,,Manchester United,30,17,9,4,58:33,25,60
2020-2021,2,,Manchester United,31,18,9,4,61:34,27,63
2020-2021,2,,Manchester United,32,19,9,4,64:35,29,66
2020-2021,2,,Manchester United,33,19,10,4,64:35,29,67
2020-2021,2,,Manchester United,34,19,10,5,66:39,27,67
2020-2021,2,,Manchester United,35,20,10,5,69:40,29,70
2020-2021,2,,Manchester United,36,20,10,6,70:42,28,70
2020-2021,2,,Manchester United,37,20,11,6,71:43,28,71
2020-2021,2,,Manchester United,38,21,11,6,73:44,29,74
2021-2022,1,,Manchester United,1,1,0,0,5:1,4,3
2021-2022,6,,Manchester United,2,1,1,0,6:2,4,4
2021-2022,3,,Manchester United,3,2,1,0,7:2,5,7
2021-2022,1,,Manchester United,4,3,1,0,11:3,8,10
2021-2022,3,,Manchester United,5,4,1,0,13:4,9,13
2021-2022,4,,Manchester United,6,4,1,1,13:5,8,13
2021-2022,4,,Manchester United,7,4,2,1,14:6,8,14
2021-2022,6,,Manchester United,8,4,2,2,16:10,6,14
2021-2022,7,,Manchester United,9,4,2,3,16:15,1,14
2021-2022,5,,Manchester United,10,5,2,3,19:15,4,17
2021-2022,6,,Manchester United,11,5,2,4,19:17,2,17
2021-2022,8,,Manchester United,12,5,2,5,20:21,-1,17
2021-2022,8,,Manchester United,13,5,3,5,21:22,-1,18
2021-2022,7,,Manchester United,14,6,3,5,24:24,0,21
2021-2022,6,,Manchester United,15,7,3,5,25:24,1,24
2021-2022,6,,Manchester United,16,8,3,5,26:24,2,27
2021-2022,5,,Manchester United,17,9,3,5,29:25,4,30
2021-2022,4,,Manchester United,18,10,3,5,31:25,6,33
2021-2022,6,,Manchester United,19,10,4,5,32:26,6,34
2021-2022,5,,Manchester United,20,11,4,5,35:27,8,37
2021-2022,7,,Manchester United,21,11,4,6,35:28,7,37
2021-2022,5,,Manchester United,22,11,5,6,37:30,7,38
2021-2022,5,,Manchester United,23,12,5,6,38:30,8,41
2021-2022,4,,Manchester United,24,12,6,6,39:31,8,42
2021-2022,5,,Manchester United,25,12,7,6,40:32,8,43
2021-2022,5,,Manchester United,26,13,7,6,44:34,10,46
2021-2022,6,,Manchester United,27,13,8,6,44:34,10,47
2021-2022,6,,Manchester United,28,13,8,7,45:38,7,47
2021-2022,6,,Manchester United,29,14,8,7,48:40,8,50
2021-2022,6,,Manchester United,30,14,8,8,48:44,4,50
2021-2022,7,,Manchester United,31,14,9,8,49:45,4,51
2021-2022,7,,Manchester United,32,14,9,9,49:46,3,51
2021-2022,6,,Manchester United,33,15,9,9,52:48,4,54
2021-2022,6,,Manchester United,34,15,9,10,53:51,2,54
2021-2022,6,,Manchester United,35,16,9,10,56:51,5,57
2021-2022,6,,Manchester United,36,16,9,11,56:55,1,57
2021-2022,6,,Manchester United,37,16,10,11,57:56,1,58
2021-2022,6,,Manchester United,38,16,10,12,57:57,0,58
2022-2023,13,,Manchester United,1,0,0,1,1:2,-1,0
2022-2023,20,,Manchester United,2,0,0,2,1:6,-5,0
2022-2023,14,,Manchester United,3,1,0,2,3:7,-4,3
2022-2023,8,,Manchester United,4,2,0,2,4:7,-3,6
2022-2023,5,,Manchester United,5,3,0,2,5:7,-2,9
2022-2023,5,,Manchester United,6,4,0,2,8:8,0,12
2022-2023,5,,Manchester United,7,4,1,2,9:9,0,13
2022-2023,6,,Manchester United,8,4,2,2,11:11,0,14
2022-2023,9,,Manchester United,9,4,2,3,14:17,-3,14
2022-2023,7,,Manchester United,10,5,2,3,16:18,-2,17
2022-2023,7,,Manchester United,11,5,3,3,16:18,-2,18
2022-2023,7,,Manchester United,12,6,3,3,18:18,0,21
2022-2023,6,,Manchester United,13,6,4,3,19:19,0,22
2022-2023,5,,Manchester United,14,7,4,3,20:19,1,25
2022-2023,6,,Manchester United,15,7,4,4,21:22,-1,25
2022-2023,5,,Manchester United,16,8,4,4,23:23,0,28
2022-2023,4,,Manchester United,17,9,4,4,26:23,3,31
2022-2023,4,,Manchester United,18,10,4,4,27:23,4,34
2022-2023,4,,Manchester United,19,11,4,4,30:23,7,37
2022-2023,4,,Manchester United,20,12,4,4,32:24,8,40
2022-2023,4,,Manchester United,21,12,4,5,34:27,7,40
2022-2023,4,,Manchester United,22,13,4,5,36:28,8,43
2022-2023,3,,Manchester United,23,14,4,5,38:28,10,46
2022-2023,3,,Manchester United,24,15,4,5,41:28,13,49
2022-2023,3,,Manchester United,25,16,4,5,42:28,14,52
2022-2023,3,,Manchester United,26,16,4,6,42:35,7,52
2022-2023,3,,Manchester United,27,16,5,6,42:35,7,53
2022-2023,4,,Manchester United,28,16,5,7,42:36,6,53
2022-2023,4,,Manchester United,29,16,5,8,42:38,4,53
2022-2023,4,,Manchester United,30,17,5,8,44:38,6,56
2022-2023,4,,Manchester United,31,18,5,8,46:38,8,59
2022-2023,4,,Manchester United,32,19,5,8,50:39,11,62
2022-2023,4,,Manchester United,33,19,6,8,52:41,11,63
2022-2023,4,,Manchester United,34,20,6,8,53:41,12,66
2022-2023,4,,Manchester United,35,20,6,9,53:42,11,66
2022-2023,4,,Manchester United,36,21,6,9,55:42,13,69
2022-2023,3,,Manchester United,37,22,6,9,56:42,14,72
2022-2023,3,,Manchester United,38,23,6,9,58:43,15,75
2023-2024,,,Manchester United,1,1,0,0,1:0,1,3
2023-2024,12,,Manchester United,2,1,0,1,1:2,-1,3
2023-2024,8,,Manchester United,3,2,0,1,4:4,0,6
2023-2024,11,,Manchester United,4,2,0,2,5:7,-2,6
2023-2024,13,,Manchester United,5,2,0,3,6:10,-4,6
2023-2024,9,,Manchester United,6,3,0,3,7:10,-3,9
2023-2024,10,,Manchester United,7,3,0,4,7:11,-4,9
2023-2024,10,,Manchester United,8,4,0,4,9:12,-3,12
2023-2024,8,,Manchester United,9,5,0,4,11:13,-2,15
2023-2024,8,,Manchester United,10,5,0,5,11:16,-5,15
2023-2024,8,,Manchester United,11,6,0,5,12:16,-4,18
2023-2024,6,,Manchester United,12,7,0,5,13:16,-3,21
2023-2024,6,,Manchester United,13,8,0,5,16:16,0,24
2023-2024,7,,Manchester United,14,8,0,6,16:17,-1,24
2023-2024,6,,Manchester United,15,9,0,6,18:18,0,27
2023-2024,6,,Manchester United,16,9,0,7,18:21,-3,27
2023-2024,7,,Manchester United,17,9,1,7,18:21,-3,28
2023-2024,8,,Manchester United,18,9,1,8,18:23,-5,28
2023-2024,7,,Manchester United,19,10,1,8,21:25,-4,31
2023-2024,8,,Manchester United,20,10,1,9,22:27,-5,31
2023-2024,8,,Manchester United,21,10,2,9,24:29,-5,32
2023-2024,7,,Manchester United,22,11,2,9,28:32,-4,35
2023-2024,6,,Manchester United,23,12,2,9,31:32,-1,38
2023-2024,6,,Manchester United,24,13,2,9,33:33,0,41
2023-2024,6,,Manchester United,25,14,2,9,35:34,1,44
2023-2024,6,,Manchester United,26,14,2,10,36:36,0,44
2023-2024,6,,Manchester United,27,14,2,11,37:39,-2,44
2023-2024,6,,Manchester United,28,15,2,11,39:39,0,47
2023-2024,6,,Manchester United,29,16,2,11,43:41,2,50
2023-2024,6,,Manchester United,30,16,3,11,44:42,2,51
2023-2024,6,,Manchester United,31,16,3,12,47:46,1,51
2023-2024,6,,Manchester United,32,16,4,12,49:48,1,52
2023-2024,6,,Manchester United,33,16,5,12,51:50,1,53
2023-2024,6,,Manchester United,34,17,5,12,54:52,2,56
2023-2024,6,,Manchester United,35,17,6,12,55:53,2,57
2023-2024,7,,Manchester United,36,17,6,13,55:57,-2,57
2023-2024,8,,Manchester United,37,17,6,14,55:58,-3,57
2023-2024,8,,Manchester United,38,18,6,14,57:58,-1,60
2024-2025,7,,Manchester United,1,1,0,0,1:0,1,3
2024-2025,,,Manchester United,2,1,0,1,2:2,0,3
2024-2025,14,,Manchester United,3,1,0,2,2:5,-3,3
2024-2025,10,,Manchester United,4,2,0,2,5:5,0,6
2024-2025,11,,Manchester United,5,2,1,2,5:5,0,7
2024-2025,13,,Manchester United,6,2,1,3,5:8,-3,7
2024-2025,14,,Manchester United,7,2,2,3,5:8,-3,8
2024-2025,12,,Manchester United,8,3,2,3,7:9,-2,11
2024-2025,14,,Manchester United,9,3,2,4,8:11,-3,11
2024-2025,13,,Manchester United,10,3,3,4,9:12,-3,12
2024-2025,13,,Manchester United,11,4,3,4,12:12,0,15
2024-2025,12,,Manchester United,12,4,4,4,13:13,0,16
2024-2025,9,,Manchester United,13,5,4,4,17:13,4,19
2024-2025,13,,Manchester United,14,5,4,5,17:15,2,19
2024-2025,13,,Manchester United,15,5,4,6,19:18,1,19
2024-2025,13,,Manchester United,16,6,4,6,21:19,2,22
2024-2025,13,,Manchester United,17,6,4,7,21:22,-1,22
2024-2025,14,,Manchester United,18,6,4,8,21:24,-3,22
2024-2025,14,,Manchester United,19,6,4,9,21:26,-5,22
2024-2025,13,,Manchester United,20,6,5,9,23:28,-5,23
2024-2025,12,,Manchester United,21,7,5,9,26:29,-3,26
2024-2025,13,,Manchester United,22,7,5,10,27:32,-5,26
2024-2025,12,,Manchester United,23,8,5,10,28:32,-4,29
2024-2025,13,,Manchester United,24,8,5,11,28:34,-6,29
2024-2025,15,,Manchester United,25,8,5,12,28:35,-7,29
2024-2025,15,,Manchester United,26,8,6,12,30:37,-7,30
2024-2025,14,,Manchester United,27,9,6,12,33:39,-6,33
2024-2025,14,,Manchester United,28,9,7,12,34:40,-6,34
2024-2025,13,,Manchester United,29,10,7,12,37:40,-3,37
2024-2025,13,,Manchester United,30,10,7,13,37:41,-4,37
2024-2025,13,,Manchester United,31,10,8,13,37:41,-4,38
2024-2025,14,,Manchester United,32,10,8,14,38:45,-7,38
2024-2025,14,,Manchester United,33,10,8,15,38:46,-8,38
2024-2025,14,,Manchester United,34,10,9,15,39:47,-8,39
2024-2025,15,,Manchester United,35,10,9,16,42:51,-9,39
2024-2025,16,,Manchester United,36,10,9,17,42:53,-11,39
2024-2025,16,,Manchester United,37,10,9,18,42:54,-12,39
2024-2025,15,,Manchester United,38,11,9,18,44:54,-10,42
2025-2026,,,Manchester United,1,0,0,1,0:1,-1,0
2025-2026,16,,Manchester United,2,0,1,1,1:2,-1,1
2025-2026,9,,Manchester United,3,1,1,1,4:4,0,4
2025-2026,14,,Manchester United,4,1,1,2,4:7,-3,4
2025-2026,11,,Manchester United,5,2,1,2,6:8,-2,7
2025-2026,14,,Manchester United,6,2,1,3,7:11,-4,7
2025-2026,10,,Manchester United,7,3,1,3,9:11,-2,10
2025-2026,9,,Manchester United,8,4,1,3,11:12,-1,13
